<?xml version="1.0"?>


<plane name="Piper PA28-116">
	<switch name="BATTERY">controls/electrical/switches/battery</switch>
	<switch name="ALT">    controls/electrical/switches/alternator</switch>
	<switch name="AVIONICS">controls/electrical/switches/avionics-master    </switch>
    <switch name="FUELPUMP">    controls/fuel/switches/pump    </switch>
	<switch name="DEICE">
			controls/anti-ice/engine/carb-heat-cmd</switch>
    <switch name="PITOTHEAT">controls/switches/pitot-heat
	</switch>
	<switch name="COWLCLOSE">      controls/engines/engine/cowl-flaps-norm
	</switch>
	<switch name="PANELLIGHT">
		controls/switches/panel-lights-factor
	</switch>
    <switch name="BEACON">
		controls/switches/beacon
	</switch>
    <switch name="NAVLIGHTS">
		controls/switches/nav-lights-factor
	</switch>
    <switch name="STROBE">
		controls/switches/strobe-lights
	</switch>
     <switch name="TAXI">
     autopilot engage
	</switch>
    <switch name="LANDING">
		controls/switches/landing-light
	</switch>
	<!-- <gear> <gearposition name="GEARUP" /> <gearposition name="GEARDOWN" 
		/> </gear> -->
		
	<magnetos>controls/engines/engine/magnetos-switch</magnetos>
	<starter>controls/engines/engine/starter</starter>

	<gear-retarget>controls/engines/engine/primer-pump</gear-retarget>

</plane>

		

